STATION,STATION_NAME,DATE,PRCP,SNWD,SNOW,TMAX,TMIN,AWND,WDF2,WDF5,WSF2,WSF5,PGTM,FMTM,WT09,WT14,WT07,WT01,WT17,WT06,WT05,WT02,WT11,WT22,WT04,WT13,WT16,WT08,WT18,WT19
GHCND:USW00094728,NEW YORK CENTRAL PARK OBS BELVEDERE TOWER NY US,20140501,30,0,0,256,106,20,290,300,58,89,-9999,-9999,-9999,-9999,-9999,-9999,-9999,-9999,-9999,-9999,-9999,-9999,-9999,-9999,-9999,-9999,-9999,-9999
GHCND:USW00094728,NEW YORK CENTRAL PARK OBS BELVEDERE TOWER NY US,20140502,0,0,0,211,133,20,290,280,72,116,-9999,-9999,-9999,-9999,-9999,-9999,-9999,-9999,-9999,-9999,-9999,-9999,-9999,-9999,-9999,-9999,-9999,-9999
GHCND:USW00094728,NEW YORK CENTRAL PARK OBS BELVEDERE TOWER NY US,20140503,20,0,0,217,122,15,280,290,54,89,-9999,-9999,-9999,-9999,-9999,-9999,-9999,-9999,-9999,-9999,-9999,-9999,-9999,-9999,-9999,-9999,-9999,-9999
GHCND:USW00094728,NEW YORK CENTRAL PARK OBS BELVEDERE TOWER NY US,20140504,5,0,0,183,122,37,280,290,94,152,-9999,-9999,-9999,-9999,-9999,-9999,-9999,-9999,-9999,-9999,-9999,-9999,-9999,-9999,-9999,-9999,-9999,-9999
GHCND:USW00094728,NEW YORK CENTRAL PARK OBS BELVEDERE TOWER NY US,20140505,0,0,0,211,100,33,310,310,72,125,-9999,-9999,-9999,-9999,-9999,-9999,-9999,-9999,-9999,-9999,-9999,-9999,-9999,-9999,-9999,-9999,-9999,-9999
GHCND:USW00094728,NEW YORK CENTRAL PARK OBS BELVEDERE TOWER NY US,20140506,0,0,0,217,111,17,310,10,58,98,-9999,-9999,-9999,-9999,-9999,-9999,-9999,-9999,-9999,-9999,-9999,-9999,-9999,-9999,-9999,-9999,-9999,-9999
GHCND:USW00094728,NEW YORK CENTRAL PARK OBS BELVEDERE TOWER NY US,20140507,0,0,0,206,100,18,180,180,58,89,-9999,-9999,-9999,-9999,-9999,-9999,-9999,-9999,-9999,-9999,-9999,-9999,-9999,-9999,-9999,-9999,-9999,-9999
GHCND:USW00094728,NEW YORK CENTRAL PARK OBS BELVEDERE TOWER NY US,20140508,104,0,0,150,117,20,60,-9999,36,-9999,-9999,-9999,-9999,-9999,-9999,-9999,-9999,-9999,-9999,-9999,-9999,-9999,-9999,-9999,-9999,-9999,-9999,-9999
GHCND:USW00094728,NEW YORK CENTRAL PARK OBS BELVEDERE TOWER NY US,20140509,10,0,0,172,128,14,70,80,58,76,-9999,-9999,-9999,-9999,-9999,-9999,-9999,-9999,-9999,-9999,-9999,-9999,-9999,-9999,-9999,-9999,-9999,-9999
GHCND:USW00094728,NEW YORK CENTRAL PARK OBS BELVEDERE TOWER NY US,20140510,94,0,0,283,139,20,320,270,76,139,-9999,-9999,-9999,-9999,-9999,-9999,-9999,-9999,-9999,-9999,-9999,-9999,-9999,-9999,-9999,-9999,-9999,-9999
GHCND:USW00094728,NEW YORK CENTRAL PARK OBS BELVEDERE TOWER NY US,20140511,8,0,0,278,156,14,270,290,58,85,-9999,-9999,-9999,-9999,-9999,1,-9999,-9999,-9999,-9999,-9999,-9999,-9999,-9999,-9999,-9999,-9999,-9999
GHCND:USW00094728,NEW YORK CENTRAL PARK OBS BELVEDERE TOWER NY US,20140512,0,0,0,294,178,8,170,150,45,81,-9999,-9999,-9999,-9999,-9999,-9999,-9999,-9999,-9999,-9999,-9999,-9999,-9999,-9999,-9999,-9999,-9999,-9999
GHCND:USW00094728,NEW YORK CENTRAL PARK OBS BELVEDERE TOWER NY US,20140513,0,0,0,228,117,32,60,80,89,125,-9999,-9999,-9999,-9999,-9999,-9999,-9999,-9999,-9999,-9999,-9999,-9999,-9999,-9999,-9999,1,-9999,-9999
GHCND:USW00094728,NEW YORK CENTRAL PARK OBS BELVEDERE TOWER NY US,20140514,3,0,0,217,111,21,70,40,45,72,-9999,-9999,-9999,-9999,-9999,-9999,-9999,-9999,-9999,-9999,-9999,-9999,-9999,-9999,-9999,-9999,-9999,-9999
GHCND:USW00094728,NEW YORK CENTRAL PARK OBS BELVEDERE TOWER NY US,20140515,38,0,0,217,144,24,160,170,58,98,-9999,-9999,-9999,-9999,-9999,-9999,-9999,-9999,-9999,-9999,-9999,-9999,-9999,-9999,-9999,-9999,-9999,-9999
GHCND:USW00094728,NEW YORK CENTRAL PARK OBS BELVEDERE TOWER NY US,20140516,391,0,0,200,144,29,160,170,72,139,-9999,-9999,-9999,-9999,-9999,-9999,-9999,-9999,-9999,-9999,-9999,-9999,-9999,-9999,-9999,-9999,-9999,-9999
GHCND:USW00094728,NEW YORK CENTRAL PARK OBS BELVEDERE TOWER NY US,20140517,0,0,0,211,117,22,250,250,58,89,-9999,-9999,-9999,-9999,-9999,-9999,-9999,-9999,-9999,-9999,-9999,-9999,-9999,-9999,-9999,-9999,-9999,-9999
GHCND:USW00094728,NEW YORK CENTRAL PARK OBS BELVEDERE TOWER NY US,20140518,0,0,0,194,106,26,300,50,54,85,-9999,-9999,-9999,-9999,-9999,-9999,-9999,-9999,-9999,-9999,-9999,-9999,-9999,-9999,-9999,-9999,-9999,-9999
GHCND:USW00094728,NEW YORK CENTRAL PARK OBS BELVEDERE TOWER NY US,20140519,0,0,0,222,94,21,310,280,63,125,-9999,-9999,-9999,-9999,-9999,-9999,-9999,-9999,-9999,-9999,-9999,-9999,-9999,-9999,-9999,-9999,-9999,-9999
GHCND:USW00094728,NEW YORK CENTRAL PARK OBS BELVEDERE TOWER NY US,20140520,0,0,0,256,117,14,290,270,58,98,-9999,-9999,-9999,-9999,-9999,-9999,-9999,-9999,-9999,-9999,-9999,-9999,-9999,-9999,-9999,-9999,-9999,-9999
GHCND:USW00094728,NEW YORK CENTRAL PARK OBS BELVEDERE TOWER NY US,20140521,0,0,0,233,172,11,290,270,45,67,-9999,-9999,-9999,-9999,-9999,-9999,-9999,-9999,-9999,-9999,-9999,-9999,-9999,-9999,-9999,-9999,-9999,-9999
GHCND:USW00094728,NEW YORK CENTRAL PARK OBS BELVEDERE TOWER NY US,20140522,61,0,0,194,150,14,120,120,45,67,-9999,-9999,-9999,-9999,-9999,-9999,-9999,-9999,-9999,-9999,-9999,-9999,-9999,-9999,-9999,-9999,-9999,-9999
GHCND:USW00094728,NEW YORK CENTRAL PARK OBS BELVEDERE TOWER NY US,20140523,231,0,0,217,133,19,260,250,58,89,-9999,-9999,-9999,-9999,-9999,-9999,-9999,-9999,-9999,-9999,-9999,-9999,-9999,-9999,-9999,-9999,-9999,-9999
GHCND:USW00094728,NEW YORK CENTRAL PARK OBS BELVEDERE TOWER NY US,20140524,102,0,0,211,139,16,60,20,54,63,-9999,-9999,-9999,-9999,-9999,-9999,-9999,-9999,-9999,-9999,-9999,-9999,-9999,-9999,-9999,-9999,-9999,-9999
GHCND:USW00094728,NEW YORK CENTRAL PARK OBS BELVEDERE TOWER NY US,20140525,0,0,0,267,128,9,60,290,45,72,-9999,-9999,-9999,-9999,-9999,-9999,-9999,-9999,-9999,-9999,-9999,-9999,-9999,-9999,-9999,-9999,-9999,-9999
GHCND:USW00094728,NEW YORK CENTRAL PARK OBS BELVEDERE TOWER NY US,20140526,0,0,0,300,189,22,260,290,63,94,-9999,-9999,-9999,-9999,-9999,-9999,-9999,-9999,-9999,-9999,-9999,-9999,-9999,-9999,-9999,-9999,-9999,-9999
GHCND:USW00094728,NEW YORK CENTRAL PARK OBS BELVEDERE TOWER NY US,20140527,0,0,0,300,178,19,260,270,72,130,-9999,-9999,-9999,-9999,-9999,-9999,-9999,-9999,-9999,-9999,-9999,-9999,-9999,-9999,-9999,-9999,-9999,-9999
GHCND:USW00094728,NEW YORK CENTRAL PARK OBS BELVEDERE TOWER NY US,20140528,0,0,0,178,122,34,60,70,72,98,-9999,-9999,-9999,-9999,-9999,-9999,-9999,-9999,-9999,-9999,-9999,-9999,-9999,-9999,-9999,-9999,-9999,-9999
GHCND:USW00094728,NEW YORK CENTRAL PARK OBS BELVEDERE TOWER NY US,20140529,0,0,0,189,106,19,60,180,58,89,-9999,-9999,-9999,-9999,-9999,-9999,-9999,-9999,-9999,-9999,-9999,-9999,-9999,-9999,-9999,-9999,-9999,-9999
GHCND:USW00094728,NEW YORK CENTRAL PARK OBS BELVEDERE TOWER NY US,20140530,0,0,0,239,128,11,50,50,72,94,-9999,-9999,-9999,-9999,-9999,-9999,-9999,-9999,-9999,-9999,-9999,-9999,-9999,-9999,-9999,1,-9999,-9999
GHCND:USW00094728,NEW YORK CENTRAL PARK OBS BELVEDERE TOWER NY US,20140531,13,0,0,228,139,26,60,50,89,125,-9999,-9999,-9999,-9999,-9999,-9999,-9999,-9999,-9999,-9999,-9999,-9999,-9999,-9999,-9999,-9999,-9999,-9999
GHCND:USW00094728,NEW YORK CENTRAL PARK OBS BELVEDERE TOWER NY US,20140601,0,0,0,250,128,16,250,250,45,81,-9999,-9999,-9999,-9999,-9999,-9999,-9999,-9999,-9999,-9999,-9999,-9999,-9999,-9999,-9999,-9999,-9999,-9999
GHCND:USW00094728,NEW YORK CENTRAL PARK OBS BELVEDERE TOWER NY US,20140602,0,0,0,267,150,20,170,150,45,85,-9999,-9999,-9999,-9999,-9999,-9999,-9999,-9999,-9999,-9999,-9999,-9999,-9999,-9999,-9999,-9999,-9999,-9999
GHCND:USW00094728,NEW YORK CENTRAL PARK OBS BELVEDERE TOWER NY US,20140603,30,0,0,306,183,18,160,170,58,98,-9999,-9999,-9999,-9999,-9999,1,-9999,-9999,-9999,-9999,-9999,-9999,-9999,-9999,-9999,-9999,-9999,-9999
GHCND:USW00094728,NEW YORK CENTRAL PARK OBS BELVEDERE TOWER NY US,20140604,0,0,0,278,172,16,70,150,45,72,-9999,-9999,-9999,-9999,-9999,-9999,-9999,-9999,-9999,-9999,-9999,-9999,-9999,-9999,-9999,-9999,-9999,-9999
GHCND:USW00094728,NEW YORK CENTRAL PARK OBS BELVEDERE TOWER NY US,20140605,221,0,0,244,161,25,10,310,58,89,-9999,-9999,-9999,-9999,-9999,1,-9999,-9999,-9999,-9999,-9999,-9999,-9999,-9999,-9999,-9999,-9999,-9999
GHCND:USW00094728,NEW YORK CENTRAL PARK OBS BELVEDERE TOWER NY US,20140606,0,0,0,244,161,20,310,290,45,89,-9999,-9999,-9999,-9999,-9999,-9999,-9999,-9999,-9999,-9999,-9999,-9999,-9999,-9999,-9999,-9999,-9999,-9999
GHCND:USW00094728,NEW YORK CENTRAL PARK OBS BELVEDERE TOWER NY US,20140607,0,0,0,278,156,13,240,240,40,67,-9999,-9999,-9999,-9999,-9999,-9999,-9999,-9999,-9999,-9999,-9999,-9999,-9999,-9999,-9999,-9999,-9999,-9999
GHCND:USW00094728,NEW YORK CENTRAL PARK OBS BELVEDERE TOWER NY US,20140608,0,0,0,300,189,13,250,260,58,85,-9999,-9999,-9999,-9999,-9999,-9999,-9999,-9999,-9999,-9999,-9999,-9999,-9999,-9999,-9999,-9999,-9999,-9999
GHCND:USW00094728,NEW YORK CENTRAL PARK OBS BELVEDERE TOWER NY US,20140609,406,0,0,228,172,19,70,140,40,67,-9999,-9999,-9999,-9999,-9999,1,-9999,-9999,-9999,-9999,-9999,-9999,-9999,-9999,-9999,-9999,-9999,-9999
GHCND:USW00094728,NEW YORK CENTRAL PARK OBS BELVEDERE TOWER NY US,20140610,0,0,0,250,183,15,110,110,36,49,-9999,-9999,-9999,-9999,-9999,-9999,-9999,-9999,-9999,-9999,-9999,-9999,-9999,-9999,-9999,-9999,-9999,-9999
GHCND:USW00094728,NEW YORK CENTRAL PARK OBS BELVEDERE TOWER NY US,20140611,5,0,0,211,161,32,80,50,72,103,-9999,-9999,-9999,-9999,-9999,-9999,-9999,-9999,-9999,-9999,-9999,-9999,-9999,-9999,-9999,-9999,-9999,-9999
GHCND:USW00094728,NEW YORK CENTRAL PARK OBS BELVEDERE TOWER NY US,20140612,18,0,0,228,156,25,60,90,45,67,-9999,-9999,-9999,-9999,-9999,-9999,-9999,-9999,-9999,-9999,-9999,-9999,-9999,-9999,-9999,-9999,-9999,-9999
GHCND:USW00094728,NEW YORK CENTRAL PARK OBS BELVEDERE TOWER NY US,20140613,325,0,0,261,183,16,310,310,40,76,-9999,-9999,-9999,-9999,-9999,-9999,-9999,-9999,-9999,-9999,-9999,-9999,-9999,-9999,-9999,-9999,-9999,-9999
GHCND:USW00094728,NEW YORK CENTRAL PARK OBS BELVEDERE TOWER NY US,20140614,0,0,0,233,156,21,310,290,63,116,-9999,-9999,-9999,-9999,-9999,1,-9999,-9999,-9999,-9999,-9999,-9999,-9999,-9999,-9999,-9999,-9999,-9999
GHCND:USW00094728,NEW YORK CENTRAL PARK OBS BELVEDERE TOWER NY US,20140615,0,0,0,267,150,19,360,290,54,81,-9999,-9999,-9999,-9999,-9999,-9999,-9999,-9999,-9999,-9999,-9999,-9999,-9999,-9999,-9999,-9999,-9999,-9999
GHCND:USW00094728,NEW YORK CENTRAL PARK OBS BELVEDERE TOWER NY US,20140616,0,0,0,272,172,13,160,180,54,81,-9999,-9999,-9999,-9999,-9999,-9999,-9999,-9999,-9999,-9999,-9999,-9999,-9999,-9999,-9999,-9999,-9999,-9999
GHCND:USW00094728,NEW YORK CENTRAL PARK OBS BELVEDERE TOWER NY US,20140617,0,0,0,317,217,18,240,260,40,72,-9999,-9999,-9999,-9999,-9999,-9999,-9999,-9999,-9999,-9999,-9999,-9999,-9999,-9999,-9999,-9999,-9999,-9999
GHCND:USW00094728,NEW YORK CENTRAL PARK OBS BELVEDERE TOWER NY US,20140618,0,0,0,317,244,26,310,290,63,107,-9999,-9999,-9999,-9999,-9999,-9999,-9999,-9999,-9999,-9999,-9999,-9999,-9999,-9999,-9999,-9999,-9999,-9999
GHCND:USW00094728,NEW YORK CENTRAL PARK OBS BELVEDERE TOWER NY US,20140619,38,0,0,250,200,17,10,40,45,76,-9999,-9999,-9999,-9999,-9999,1,-9999,-9999,-9999,-9999,-9999,-9999,-9999,-9999,-9999,-9999,-9999,-9999
GHCND:USW00094728,NEW YORK CENTRAL PARK OBS BELVEDERE TOWER NY US,20140620,0,0,0,261,178,20,50,320,54,85,-9999,-9999,-9999,-9999,-9999,-9999,-9999,-9999,-9999,-9999,-9999,-9999,-9999,-9999,-9999,-9999,-9999,-9999
GHCND:USW00094728,NEW YORK CENTRAL PARK OBS BELVEDERE TOWER NY US,20140621,0,0,0,256,167,22,70,50,58,81,-9999,-9999,-9999,-9999,-9999,-9999,-9999,-9999,-9999,-9999,-9999,-9999,-9999,-9999,-9999,-9999,-9999,-9999
GHCND:USW00094728,NEW YORK CENTRAL PARK OBS BELVEDERE TOWER NY US,20140622,0,0,0,261,178,9,160,170,40,67,-9999,-9999,-9999,-9999,-9999,-9999,-9999,-9999,-9999,-9999,-9999,-9999,-9999,-9999,-9999,-9999,-9999,-9999
GHCND:USW00094728,NEW YORK CENTRAL PARK OBS BELVEDERE TOWER NY US,20140623,0,0,0,272,183,12,260,170,54,85,-9999,-9999,-9999,-9999,-9999,-9999,-9999,-9999,-9999,-9999,-9999,-9999,-9999,-9999,-9999,-9999,-9999,-9999
GHCND:USW00094728,NEW YORK CENTRAL PARK OBS BELVEDERE TOWER NY US,20140624,0,0,0,272,200,22,170,170,54,94,-9999,-9999,-9999,-9999,-9999,-9999,-9999,-9999,-9999,-9999,-9999,-9999,-9999,-9999,-9999,-9999,-9999,-9999
GHCND:USW00094728,NEW YORK CENTRAL PARK OBS BELVEDERE TOWER NY US,20140625,20,0,0,294,211,22,180,250,54,107,-9999,-9999,-9999,-9999,-9999,1,-9999,-9999,-9999,-9999,-9999,-9999,-9999,-9999,-9999,-9999,-9999,-9999
GHCND:USW00094728,NEW YORK CENTRAL PARK OBS BELVEDERE TOWER NY US,20140626,18,0,0,294,211,21,70,60,58,76,-9999,-9999,-9999,-9999,-9999,1,-9999,-9999,-9999,-9999,-9999,-9999,-9999,-9999,-9999,-9999,-9999,-9999
GHCND:USW00094728,NEW YORK CENTRAL PARK OBS BELVEDERE TOWER NY US,20140627,0,0,0,283,194,13,120,140,58,81,-9999,-9999,-9999,-9999,-9999,-9999,-9999,-9999,-9999,-9999,-9999,-9999,-9999,-9999,-9999,-9999,-9999,-9999
GHCND:USW00094728,NEW YORK CENTRAL PARK OBS BELVEDERE TOWER NY US,20140628,0,0,0,306,189,13,170,160,54,89,-9999,-9999,-9999,-9999,-9999,-9999,-9999,-9999,-9999,-9999,-9999,-9999,-9999,-9999,-9999,-9999,-9999,-9999
GHCND:USW00094728,NEW YORK CENTRAL PARK OBS BELVEDERE TOWER NY US,20140629,0,0,0,283,200,12,190,160,54,81,-9999,-9999,-9999,-9999,-9999,-9999,-9999,-9999,-9999,-9999,-9999,-9999,-9999,-9999,-9999,-9999,-9999,-9999
GHCND:USW00094728,NEW YORK CENTRAL PARK OBS BELVEDERE TOWER NY US,20140630,0,0,0,289,206,12,160,180,45,89,-9999,-9999,-9999,-9999,-9999,-9999,-9999,-9999,-9999,-9999,-9999,-9999,-9999,-9999,-9999,-9999,-9999,-9999
