地点,时间,预测值,真实值
dr5reym,2014-06-24 13:00:00,1.5013116373291733,1
dr5reym,2014-06-24 14:00:00,2.663725855111247,2
dr5reym,2014-06-24 15:00:00,2.569017702675677,3
dr5reym,2014-06-24 16:00:00,6.523364222710501,8
dr5reym,2014-06-24 17:00:00,7.476127217692272,9
dr5reym,2014-06-24 18:00:00,4.580007169088721,5
dr5reym,2014-06-24 19:00:00,3.4818893815646548,4
dr5reym,2014-06-24 20:00:00,2.129154776558744,1
dr5reym,2014-06-24 21:00:00,1.6037104277892713,3
dr5reym,2014-06-24 22:00:00,1.3037923849868056,3
dr5reym,2014-06-25 08:00:00,3.5557428102647703,3
dr5reym,2014-06-25 10:00:00,1.2702572462440613,1
dr5reym,2014-06-25 11:00:00,1.3659811142703084,1
dr5reym,2014-06-25 13:00:00,2.4576029010881584,2
dr5reym,2014-06-25 14:00:00,1.842799098788743,1
dr5reym,2014-06-25 15:00:00,2.065190683327485,3
dr5reym,2014-06-25 16:00:00,6.7382572978784365,8
dr5reym,2014-06-25 17:00:00,5.287219106842998,4
dr5reym,2014-06-25 18:00:00,2.6143346784341945,2
dr5reym,2014-06-25 19:00:00,2.0008513574175324,1
dr5reym,2014-06-25 20:00:00,2.054497232161515,1
dr5reym,2014-06-25 21:00:00,2.6801001140065,2
dr5reym,2014-06-25 22:00:00,1.6273666184829316,1
dr5reym,2014-06-25 23:00:00,1.4935584469549419,2
dr5reym,2014-06-26 08:00:00,1.316857687526971,1
dr5reym,2014-06-26 10:00:00,2.9054245461865493,3
dr5reym,2014-06-26 11:00:00,1.4625485940787966,1
dr5reym,2014-06-26 13:00:00,1.62285926937359,1
dr5reym,2014-06-26 14:00:00,1.886305259363934,2
dr5reym,2014-06-26 15:00:00,1.9585563084088022,2
dr5reym,2014-06-26 16:00:00,3.7302015168537244,2
dr5reym,2014-06-26 17:00:00,5.146147171282607,5
dr5reym,2014-06-26 18:00:00,3.6383119292076516,2
dr5reym,2014-06-26 19:00:00,2.0796796755468407,1
dr5reym,2014-06-26 20:00:00,2.0897828532395843,2
dr5reym,2014-06-26 21:00:00,2.0634656667510125,2
dr5reym,2014-06-27 09:00:00,1.4605954218748798,1
dr5reym,2014-06-27 12:00:00,1.3807306684258889,1
dr5reym,2014-06-27 13:00:00,2.087307408238577,2
dr5reym,2014-06-27 14:00:00,1.715455979714058,1
dr5reym,2014-06-27 16:00:00,1.9032813352760154,2
dr5reym,2014-06-27 17:00:00,3.192181870773024,3
dr5reym,2014-06-27 18:00:00,3.296583070190069,4
dr5reym,2014-06-27 19:00:00,1.5898762196980378,1
dr5reym,2014-06-27 21:00:00,1.6314519557245317,1
dr5reym,2014-06-28 00:00:00,1.3546397524979317,1
dr5reym,2014-06-28 16:00:00,1.5848207276090467,2
dr5reym,2014-06-28 22:00:00,1.5756681065166225,1
dr5reym,2014-06-29 14:00:00,1.4023865158090272,1
dr5reym,2014-06-29 17:00:00,1.4246244430889152,1
dr5reym,2014-06-29 18:00:00,1.3898826123206058,1
dr5reym,2014-06-29 20:00:00,1.3928462384242004,1
dr5reym,2014-06-29 21:00:00,2.271002085103351,3
dr5reym,2014-06-29 22:00:00,1.3059427614489334,1
dr5reym,2014-06-30 11:00:00,2.706213710300083,3
dr5reym,2014-06-30 12:00:00,2.3729886782361533,3
dr5reym,2014-06-30 13:00:00,1.3494797538980692,1
dr5reym,2014-06-30 15:00:00,2.891979329168498,2
dr5reym,2014-06-30 16:00:00,3.878013386902866,5
dr5reym,2014-06-30 17:00:00,5.439696628092279,6
dr5reym,2014-06-30 18:00:00,2.220936567761416,2
dr5reym,2014-06-30 19:00:00,4.029815057185237,4
dr5reym,2014-06-30 20:00:00,1.7185007881018801,1
dr5reym,2014-06-30 21:00:00,3.739904580257341,3
dr5rgbt,2014-06-24 00:00:00,1.225570528920589,2
dr5rgbt,2014-06-24 01:00:00,1.2639086592858695,1
dr5rgbt,2014-06-24 05:00:00,1.298776839283699,1
dr5rgbt,2014-06-24 07:00:00,1.4477869342220526,1
dr5rgbt,2014-06-24 09:00:00,1.4850518992109225,1
dr5rgbt,2014-06-24 10:00:00,1.5228271571888234,1
dr5rgbt,2014-06-24 11:00:00,1.4993721739805905,1
dr5rgbt,2014-06-24 12:00:00,1.54497646854257,1
dr5rgbt,2014-06-24 13:00:00,1.5574396161844661,1
dr5rgbt,2014-06-24 14:00:00,1.7539811299225174,1
dr5rgbt,2014-06-24 15:00:00,4.021928271428969,3
dr5rgbt,2014-06-24 16:00:00,3.3001250393679205,2
dr5rgbt,2014-06-24 18:00:00,3.9558991987946808,4
dr5rgbt,2014-06-24 20:00:00,4.609269308106865,6
dr5rgbt,2014-06-24 21:00:00,9.385636911322235,10
dr5rgbt,2014-06-24 22:00:00,6.924972359739564,8
dr5rgbt,2014-06-24 23:00:00,1.809747876994166,3
dr5rgbt,2014-06-25 00:00:00,4.687246505652067,4
dr5rgbt,2014-06-25 01:00:00,2.2344121411427715,2
dr5rgbt,2014-06-25 02:00:00,1.2314140202508914,2
dr5rgbt,2014-06-25 03:00:00,1.202396149446024,3
dr5rgbt,2014-06-25 06:00:00,2.7619649946874256,2
dr5rgbt,2014-06-25 07:00:00,1.4574773321510512,1
dr5rgbt,2014-06-25 09:00:00,3.7814526458733186,3
dr5rgbt,2014-06-25 10:00:00,1.4595593622898455,1
dr5rgbt,2014-06-25 12:00:00,2.084232617460377,3
dr5rgbt,2014-06-25 13:00:00,3.030222337897932,3
dr5rgbt,2014-06-25 14:00:00,2.218992698990095,3
dr5rgbt,2014-06-25 16:00:00,3.7694582450380913,2
dr5rgbt,2014-06-25 17:00:00,2.7060707065164156,2
dr5rgbt,2014-06-25 18:00:00,6.266064854593314,6
dr5rgbt,2014-06-25 19:00:00,8.477617514822773,9
dr5rgbt,2014-06-25 20:00:00,4.277607111430752,12
dr5rgbt,2014-06-25 21:00:00,10.300271943046198,11
dr5rgbt,2014-06-25 22:00:00,6.728212557876023,7
dr5rgbt,2014-06-25 23:00:00,16.13701840080864,13
dr5rgbt,2014-06-26 00:00:00,1.2150113846469215,4
dr5rgbt,2014-06-26 01:00:00,1.605355942004883,1
dr5rgbt,2014-06-26 02:00:00,2.265178406769435,2
dr5rgbt,2014-06-26 03:00:00,1.0154852833560444,1
dr5rgbt,2014-06-26 05:00:00,1.367828734281321,1
dr5rgbt,2014-06-26 07:00:00,1.4094715601127996,2
dr5rgbt,2014-06-26 08:00:00,1.3800100028436455,1
dr5rgbt,2014-06-26 12:00:00,2.9803424787254746,3
dr5rgbt,2014-06-26 13:00:00,1.818552489718476,3
dr5rgbt,2014-06-26 14:00:00,3.4093086056045787,1
dr5rgbt,2014-06-26 15:00:00,4.167122503216892,3
dr5rgbt,2014-06-26 16:00:00,3.8357801405827785,2
dr5rgbt,2014-06-26 17:00:00,2.496302906670642,1
dr5rgbt,2014-06-26 18:00:00,4.310137244904679,3
dr5rgbt,2014-06-26 19:00:00,3.953153188506542,5
dr5rgbt,2014-06-26 20:00:00,3.9526915512783782,5
dr5rgbt,2014-06-26 21:00:00,6.504676350030739,8
dr5rgbt,2014-06-26 22:00:00,8.267988188115398,14
dr5rgbt,2014-06-26 23:00:00,13.796709666676673,13
dr5rgbt,2014-06-27 00:00:00,5.462617835105143,7
dr5rgbt,2014-06-27 01:00:00,3.927696136643404,2
dr5rgbt,2014-06-27 02:00:00,1.1525643707962179,4
dr5rgbt,2014-06-27 03:00:00,4.817096197290293,3
dr5rgbt,2014-06-27 04:00:00,1.2568999664096776,2
dr5rgbt,2014-06-27 05:00:00,1.1975531359182914,1
dr5rgbt,2014-06-27 06:00:00,1.479779498471195,2
dr5rgbt,2014-06-27 07:00:00,1.4381643585208235,3
dr5rgbt,2014-06-27 08:00:00,2.33679295309464,1
dr5rgbt,2014-06-27 09:00:00,1.639801764080268,1
dr5rgbt,2014-06-27 10:00:00,1.5030733521465294,2
dr5rgbt,2014-06-27 11:00:00,1.4683776659345573,1
dr5rgbt,2014-06-27 12:00:00,3.065678212382343,3
dr5rgbt,2014-06-27 13:00:00,1.8306232242207892,1
dr5rgbt,2014-06-27 14:00:00,2.0128847841796356,3
dr5rgbt,2014-06-27 15:00:00,2.4532851194258454,1
dr5rgbt,2014-06-27 16:00:00,2.021299922247224,1
dr5rgbt,2014-06-27 17:00:00,1.9344632288936348,1
dr5rgbt,2014-06-27 18:00:00,7.990364206996743,7
dr5rgbt,2014-06-27 19:00:00,1.8210856555754138,1
dr5rgbt,2014-06-27 20:00:00,3.2595614781302693,3
dr5rgbt,2014-06-27 21:00:00,10.9506511330498,10
dr5rgbt,2014-06-27 22:00:00,2.44002157975505,2
dr5rgbt,2014-06-27 23:00:00,14.854446844550091,18
dr5rgbt,2014-06-28 00:00:00,8.206546027488288,9
dr5rgbt,2014-06-28 01:00:00,7.6478552914521165,5
dr5rgbt,2014-06-28 02:00:00,3.898302176899785,5
dr5rgbt,2014-06-28 03:00:00,3.0810458036736987,2
dr5rgbt,2014-06-28 04:00:00,1.0594761291924648,1
dr5rgbt,2014-06-28 06:00:00,1.6460095445431338,3
dr5rgbt,2014-06-28 08:00:00,1.311373369981156,1
dr5rgbt,2014-06-28 09:00:00,2.325890050988401,2
dr5rgbt,2014-06-28 10:00:00,2.114850579319002,2
dr5rgbt,2014-06-28 11:00:00,3.543579778685669,3
dr5rgbt,2014-06-28 12:00:00,1.4880478638119377,1
dr5rgbt,2014-06-28 13:00:00,1.4042656030854934,2
dr5rgbt,2014-06-28 14:00:00,3.0898102735347877,4
dr5rgbt,2014-06-28 15:00:00,4.9298208809806265,4
dr5rgbt,2014-06-28 16:00:00,4.8811633945209865,6
dr5rgbt,2014-06-28 17:00:00,3.1861697913615616,3
dr5rgbt,2014-06-28 18:00:00,4.522060826229585,5
dr5rgbt,2014-06-28 19:00:00,4.877667633305839,6
dr5rgbt,2014-06-28 20:00:00,4.904863392762696,5
dr5rgbt,2014-06-28 21:00:00,8.727948286242508,7
dr5rgbt,2014-06-28 22:00:00,5.647004025367838,8
dr5rgbt,2014-06-28 23:00:00,7.251127866744184,11
dr5rgbt,2014-06-29 00:00:00,19.430076761081164,22
dr5rgbt,2014-06-29 01:00:00,15.411632750628204,14
dr5rgbt,2014-06-29 02:00:00,3.115702293057717,8
dr5rgbt,2014-06-29 03:00:00,4.309780354554878,6
dr5rgbt,2014-06-29 04:00:00,1.696058291125174,2
dr5rgbt,2014-06-29 06:00:00,3.326117396533548,2
dr5rgbt,2014-06-29 09:00:00,1.5531414619802855,3
dr5rgbt,2014-06-29 10:00:00,1.4461766545525212,1
dr5rgbt,2014-06-29 11:00:00,2.2152340410840057,5
dr5rgbt,2014-06-29 12:00:00,1.0234384240103636,1
dr5rgbt,2014-06-29 13:00:00,2.4278827633702633,3
dr5rgbt,2014-06-29 14:00:00,1.7321008213397602,1
dr5rgbt,2014-06-29 15:00:00,3.714975930272341,3
dr5rgbt,2014-06-29 16:00:00,2.792082584147608,2
dr5rgbt,2014-06-29 17:00:00,1.68355797460039,2
dr5rgbt,2014-06-29 19:00:00,1.5674753479815036,2
dr5rgbt,2014-06-29 20:00:00,4.0090862673294705,3
dr5rgbt,2014-06-29 21:00:00,1.7138383445576628,4
dr5rgbt,2014-06-29 22:00:00,4.149846013070093,3
dr5rgbt,2014-06-29 23:00:00,3.37267653324896,4
dr5rgbt,2014-06-30 00:00:00,1.534692201061991,2
dr5rgbt,2014-06-30 01:00:00,1.4808711116643276,1
dr5rgbt,2014-06-30 02:00:00,1.3173395488909603,1
dr5rgbt,2014-06-30 03:00:00,1.240019802502619,2
dr5rgbt,2014-06-30 05:00:00,1.326643891392107,1
dr5rgbt,2014-06-30 06:00:00,2.2323629119024893,3
dr5rgbt,2014-06-30 07:00:00,1.5208779642474626,2
dr5rgbt,2014-06-30 08:00:00,1.5094422612128116,2
dr5rgbt,2014-06-30 09:00:00,1.7558212687990176,1
dr5rgbt,2014-06-30 10:00:00,3.2512619723917595,3
dr5rgbt,2014-06-30 11:00:00,2.811806084887389,2
dr5rgbt,2014-06-30 12:00:00,1.5990408224615715,1
dr5rgbt,2014-06-30 13:00:00,1.703143772024163,1
dr5rgbt,2014-06-30 15:00:00,2.652516440897319,2
dr5rgbt,2014-06-30 16:00:00,3.908359922389211,5
dr5rgbt,2014-06-30 17:00:00,3.3858442297184403,3
dr5rgbt,2014-06-30 19:00:00,2.8724221273369985,1
dr5rgbt,2014-06-30 20:00:00,2.7314919389642025,3
dr5rgbt,2014-06-30 21:00:00,6.632729915044904,5
dr5rgbt,2014-06-30 22:00:00,3.4651863351203605,6
dr5rgbt,2014-06-30 23:00:00,5.480376392457207,7
dr5rsmk,2014-06-24 05:00:00,1.0751376639181052,1
dr5rsmk,2014-06-24 07:00:00,1.2898430716836629,1
dr5rsmk,2014-06-24 08:00:00,1.1779803212549833,1
dr5rsmk,2014-06-24 09:00:00,1.1876554711250036,1
dr5rsmk,2014-06-24 15:00:00,1.2408788133927446,1
dr5rsmk,2014-06-24 17:00:00,1.3387014835925144,1
dr5rsmk,2014-06-24 18:00:00,1.2820230685621707,1
dr5rsmk,2014-06-24 22:00:00,2.21950244970872,3
dr5rsmk,2014-06-24 23:00:00,2.3313502975918388,3
dr5rsmk,2014-06-25 08:00:00,2.3193377874432834,2
dr5rsmk,2014-06-25 11:00:00,1.2199615353132804,1
dr5rsmk,2014-06-25 12:00:00,1.2435280956979875,1
dr5rsmk,2014-06-25 14:00:00,1.3000124443489098,1
dr5rsmk,2014-06-25 18:00:00,1.4110703797959532,1
dr5rsmk,2014-06-25 19:00:00,1.374286779598351,1
dr5rsmk,2014-06-26 07:00:00,1.2706341912040118,1
dr5rsmk,2014-06-26 12:00:00,1.243768591876096,1
dr5rsmk,2014-06-26 14:00:00,1.2781105601123988,1
dr5rsmk,2014-06-26 15:00:00,1.3379274083896349,1
dr5rsmk,2014-06-26 20:00:00,1.3412397462672327,1
dr5rsmk,2014-06-26 22:00:00,1.3977860861929006,1
dr5rsmk,2014-06-26 23:00:00,1.2990985129399142,2
dr5rsmk,2014-06-27 01:00:00,1.1437163314922583,1
dr5rsmk,2014-06-27 07:00:00,1.2598932390250948,1
dr5rsmk,2014-06-27 13:00:00,1.217139582455557,1
dr5rsmk,2014-06-27 14:00:00,4.075069396974775,5
dr5rsmk,2014-06-27 15:00:00,1.1365151731104821,1
dr5rsmk,2014-06-27 17:00:00,1.2880756855371733,1
dr5rsmk,2014-06-27 18:00:00,1.3540473125458445,1
dr5rsmk,2014-06-27 20:00:00,1.3226526643103091,2
dr5rsmk,2014-06-27 21:00:00,1.246883689377502,2
dr5rsmk,2014-06-27 23:00:00,1.3946087166243324,2
dr5rsmk,2014-06-28 00:00:00,2.940366092793446,3
dr5rsmk,2014-06-28 01:00:00,1.1510931483047546,1
dr5rsmk,2014-06-28 03:00:00,1.3415675844683335,2
dr5rsmk,2014-06-28 11:00:00,1.1238187870398475,1
dr5rsmk,2014-06-28 12:00:00,1.1444333059950493,1
dr5rsmk,2014-06-28 15:00:00,1.8801058875499352,2
dr5rsmk,2014-06-28 17:00:00,1.2266513464285012,1
dr5rsmk,2014-06-28 18:00:00,1.2862925278476394,1
dr5rsmk,2014-06-28 21:00:00,1.3189488733789805,1
dr5rsmk,2014-06-28 22:00:00,1.3411883732003709,2
dr5rsmk,2014-06-28 23:00:00,1.2433024766928829,1
dr5rsmk,2014-06-29 01:00:00,4.832699478645496,5
dr5rsmk,2014-06-29 02:00:00,2.015360527643719,3
dr5rsmk,2014-06-29 03:00:00,4.638088490628167,4
dr5rsmk,2014-06-29 04:00:00,1.0559994393615804,1
dr5rsmk,2014-06-29 10:00:00,2.0235140004369137,2
dr5rsmk,2014-06-29 11:00:00,1.13959238498637,1
dr5rsmk,2014-06-29 14:00:00,1.1763708853369788,1
dr5rsmk,2014-06-29 16:00:00,1.2002546197503567,1
dr5rsmk,2014-06-29 17:00:00,1.1966781638599293,1
dr5rsmk,2014-06-29 18:00:00,1.1854012395073934,1
dr5rsmk,2014-06-29 21:00:00,1.1874681296904657,1
dr5rsmk,2014-06-30 07:00:00,1.291935762413864,2
dr5rsmk,2014-06-30 08:00:00,1.1634672187026205,1
dr5rsmk,2014-06-30 16:00:00,1.2184864358608998,1
dr5rsmk,2014-06-30 23:00:00,1.1653049643541527,2
dr5rsmy,2014-06-24 08:00:00,1.2541616402841163,2
dr5rsmy,2014-06-24 10:00:00,1.15337773515651,1
dr5rsmy,2014-06-24 13:00:00,1.2057093440416295,1
dr5rsmy,2014-06-24 17:00:00,1.4795174656873402,2
dr5rsmy,2014-06-24 20:00:00,1.359198379349423,2
dr5rsmy,2014-06-24 21:00:00,1.5378213256394417,1
dr5rsmy,2014-06-24 22:00:00,1.2932631412086895,1
dr5rsmy,2014-06-25 01:00:00,1.1169568848751046,1
dr5rsmy,2014-06-25 07:00:00,1.3615281049924575,2
dr5rsmy,2014-06-25 08:00:00,1.2598698475501213,1
dr5rsmy,2014-06-25 12:00:00,1.260852510277108,1
dr5rsmy,2014-06-25 14:00:00,1.4642900210983985,1
dr5rsmy,2014-06-25 15:00:00,1.5982785897368545,1
dr5rsmy,2014-06-25 16:00:00,1.517994577256238,1
dr5rsmy,2014-06-25 20:00:00,1.3873392317657778,1
dr5rsmy,2014-06-25 21:00:00,1.4498160717150101,1
dr5rsmy,2014-06-25 23:00:00,1.4264730674575736,2
dr5rsmy,2014-06-26 00:00:00,1.1172465164406737,1
dr5rsmy,2014-06-26 03:00:00,1.1158169544071428,1
dr5rsmy,2014-06-26 06:00:00,1.3490460318101265,1
dr5rsmy,2014-06-26 07:00:00,1.3661481104455868,1
dr5rsmy,2014-06-26 08:00:00,1.2557512805460782,1
dr5rsmy,2014-06-26 14:00:00,1.3068228825401742,2
dr5rsmy,2014-06-26 17:00:00,3.706701845865555,3
dr5rsmy,2014-06-26 18:00:00,2.544265811005243,2
dr5rsmy,2014-06-26 19:00:00,2.5407068935326573,3
dr5rsmy,2014-06-26 22:00:00,1.5488031014991823,1
dr5rsmy,2014-06-26 23:00:00,3.0465106929041204,3
dr5rsmy,2014-06-27 02:00:00,1.1570490180101176,1
dr5rsmy,2014-06-27 06:00:00,1.3327827028413746,1
dr5rsmy,2014-06-27 07:00:00,1.6530686828618033,3
dr5rsmy,2014-06-27 08:00:00,1.2422608376884952,1
dr5rsmy,2014-06-27 09:00:00,1.2156684478180673,1
dr5rsmy,2014-06-27 13:00:00,1.3644866438240932,2
dr5rsmy,2014-06-27 15:00:00,1.544349889094024,1
dr5rsmy,2014-06-27 16:00:00,1.5586855219868543,1
dr5rsmy,2014-06-27 17:00:00,1.5728577293103245,1
dr5rsmy,2014-06-27 21:00:00,4.805528706477721,5
dr5rsmy,2014-06-27 22:00:00,2.790465100569885,2
dr5rsmy,2014-06-27 23:00:00,3.72418925169277,3
dr5rsmy,2014-06-28 00:00:00,2.3855907731991337,3
dr5rsmy,2014-06-28 01:00:00,1.256687815736829,1
dr5rsmy,2014-06-28 02:00:00,4.457192819057662,6
dr5rsmy,2014-06-28 04:00:00,1.103187978740508,1
dr5rsmy,2014-06-28 09:00:00,1.0650109611681167,1
dr5rsmy,2014-06-28 10:00:00,1.1252105672182084,1
dr5rsmy,2014-06-28 14:00:00,1.2686020951413506,1
dr5rsmy,2014-06-28 15:00:00,1.4254037489619846,4
dr5rsmy,2014-06-28 17:00:00,1.3722651491863882,1
dr5rsmy,2014-06-28 21:00:00,1.7169694171207561,3
dr5rsmy,2014-06-28 22:00:00,5.053760219881542,4
dr5rsmy,2014-06-28 23:00:00,3.1309639255070456,3
dr5rsmy,2014-06-29 00:00:00,2.4390382107889748,2
dr5rsmy,2014-06-29 01:00:00,10.913818543192622,15
dr5rsmy,2014-06-29 02:00:00,6.681345027584561,9
dr5rsmy,2014-06-29 03:00:00,4.348848345518928,7
dr5rsmy,2014-06-29 08:00:00,1.6184022804590272,1
dr5rsmy,2014-06-29 10:00:00,1.110288469888085,1
dr5rsmy,2014-06-29 18:00:00,2.7865194379532436,2
dr5rsmy,2014-06-29 20:00:00,1.4026500886544586,1
dr5rsmy,2014-06-29 23:00:00,1.1901288370701428,2
dr5rsmy,2014-06-30 01:00:00,1.2091964652368379,2
dr5rsmy,2014-06-30 06:00:00,1.344819677966243,1
dr5rsmy,2014-06-30 07:00:00,1.2170684129871014,1
dr5rsmy,2014-06-30 08:00:00,1.225403838863985,2
dr5rsmy,2014-06-30 11:00:00,1.1289572551441047,1
dr5rsmy,2014-06-30 13:00:00,1.2000276398552407,1
dr5rsmy,2014-06-30 14:00:00,1.3172629199992223,1
dr5rsmy,2014-06-30 15:00:00,1.409011454033242,2
dr5rsmy,2014-06-30 17:00:00,1.343416806281559,1
dr5rsmy,2014-06-30 18:00:00,2.370397037375938,2
dr5rsmy,2014-06-30 20:00:00,3.5236256840129614,3
dr5rsmy,2014-06-30 21:00:00,1.2582562942009834,2
dr5rsmy,2014-06-30 22:00:00,1.1507099839274963,1
dr5rsmy,2014-06-30 23:00:00,2.201181408619826,3
dr5rsq1,2014-06-24 00:00:00,1.1105005138733848,1
dr5rsq1,2014-06-24 07:00:00,1.2585907353651842,1
dr5rsq1,2014-06-24 14:00:00,3.2614151835160112,4
dr5rsq1,2014-06-24 16:00:00,1.4150518145477167,1
dr5rsq1,2014-06-24 20:00:00,1.264177357229303,1
dr5rsq1,2014-06-24 22:00:00,1.6631183833212364,2
dr5rsq1,2014-06-25 06:00:00,1.3224398522032161,1
dr5rsq1,2014-06-25 17:00:00,1.3919198429513087,1
dr5rsq1,2014-06-25 18:00:00,1.4136256805062983,1
dr5rsq1,2014-06-25 20:00:00,1.4185540838787938,2
dr5rsq1,2014-06-25 22:00:00,1.2317086326180402,1
dr5rsq1,2014-06-25 23:00:00,1.3642297015310194,1
dr5rsq1,2014-06-26 06:00:00,1.3307807760443624,1
dr5rsq1,2014-06-26 08:00:00,1.2965698336298364,1
dr5rsq1,2014-06-26 11:00:00,1.2409356772094038,1
dr5rsq1,2014-06-26 12:00:00,1.1793776231763275,1
dr5rsq1,2014-06-26 14:00:00,1.2705819037064676,1
dr5rsq1,2014-06-26 17:00:00,1.442136702117945,2
dr5rsq1,2014-06-26 18:00:00,1.4228361053620862,1
dr5rsq1,2014-06-26 19:00:00,1.304876205888148,1
dr5rsq1,2014-06-26 23:00:00,3.3566966068049218,3
dr5rsq1,2014-06-27 01:00:00,1.1096564732280993,1
dr5rsq1,2014-06-27 03:00:00,1.136873545796144,1
dr5rsq1,2014-06-27 04:00:00,1.0917553098805126,2
dr5rsq1,2014-06-27 06:00:00,1.2040448828136565,1
dr5rsq1,2014-06-27 07:00:00,1.2344569812382784,2
dr5rsq1,2014-06-27 09:00:00,1.1397413398135336,1
dr5rsq1,2014-06-27 16:00:00,1.3180946410562313,1
dr5rsq1,2014-06-27 17:00:00,1.4136937044278677,1
dr5rsq1,2014-06-27 19:00:00,1.4198047715740891,1
dr5rsq1,2014-06-27 20:00:00,1.3836302336903206,1
dr5rsq1,2014-06-27 21:00:00,1.4105387845251915,3
dr5rsq1,2014-06-27 22:00:00,1.4227824430326668,1
dr5rsq1,2014-06-27 23:00:00,1.3918489536050607,2
dr5rsq1,2014-06-28 00:00:00,1.0901545140997186,1
dr5rsq1,2014-06-28 01:00:00,1.2221978833136031,2
dr5rsq1,2014-06-28 02:00:00,2.1022371787973726,2
dr5rsq1,2014-06-28 03:00:00,1.1497096002338434,1
dr5rsq1,2014-06-28 07:00:00,1.158657468374429,1
dr5rsq1,2014-06-28 08:00:00,1.165236201596198,1
dr5rsq1,2014-06-28 15:00:00,1.3509283379515622,1
dr5rsq1,2014-06-28 16:00:00,1.3596124016454354,1
dr5rsq1,2014-06-28 18:00:00,1.337284292004829,1
dr5rsq1,2014-06-29 00:00:00,4.099912321641989,4
dr5rsq1,2014-06-29 01:00:00,2.775784271033073,3
dr5rsq1,2014-06-29 02:00:00,8.122045612019381,11
dr5rsq1,2014-06-29 03:00:00,2.4985608388361635,2
dr5rsq1,2014-06-29 05:00:00,1.0179646014976926,1
dr5rsq1,2014-06-29 08:00:00,1.0722208261485748,1
dr5rsq1,2014-06-29 12:00:00,1.1298002378168421,1
dr5rsq1,2014-06-29 14:00:00,1.1943506035058704,2
dr5rsq1,2014-06-29 16:00:00,1.2469275005175129,1
dr5rsq1,2014-06-29 18:00:00,1.215147647492672,2
dr5rsq1,2014-06-30 06:00:00,1.1886229466165374,1
dr5rsq1,2014-06-30 07:00:00,1.2193758142995808,2
dr5rsq1,2014-06-30 09:00:00,1.101191576536078,1
dr5rsq1,2014-06-30 14:00:00,1.1948500848244696,1
dr5rsq1,2014-06-30 18:00:00,1.2971518800370125,2
dr5ru7n,2014-06-24 00:00:00,3.351259544776204,3
dr5ru7n,2014-06-24 02:00:00,1.224550117231152,1
dr5ru7n,2014-06-24 04:00:00,1.1475226923433313,1
dr5ru7n,2014-06-24 10:00:00,2.1613502577768955,3
dr5ru7n,2014-06-24 11:00:00,1.215703465544144,1
dr5ru7n,2014-06-24 12:00:00,2.324349191720173,2
dr5ru7n,2014-06-24 15:00:00,1.8420674693720327,5
dr5ru7n,2014-06-24 16:00:00,4.12165067556462,4
dr5ru7n,2014-06-24 17:00:00,2.1431138059353354,2
dr5ru7n,2014-06-24 18:00:00,4.066595369427712,5
dr5ru7n,2014-06-24 19:00:00,2.092021094550896,1
dr5ru7n,2014-06-24 20:00:00,7.732703754500046,7
dr5ru7n,2014-06-24 21:00:00,5.2948986032226975,6
dr5ru7n,2014-06-24 22:00:00,2.420455227583147,2
dr5ru7n,2014-06-24 23:00:00,1.79327889166042,2
dr5ru7n,2014-06-25 01:00:00,1.1572036551781157,1
dr5ru7n,2014-06-25 02:00:00,1.1289932041099673,1
dr5ru7n,2014-06-25 07:00:00,1.388332203686418,2
dr5ru7n,2014-06-25 09:00:00,1.2920414734197183,1
dr5ru7n,2014-06-25 10:00:00,1.3683090116669543,1
dr5ru7n,2014-06-25 11:00:00,1.5164383629706002,2
dr5ru7n,2014-06-25 12:00:00,2.073701119003198,2
dr5ru7n,2014-06-25 13:00:00,1.6361053906511966,1
dr5ru7n,2014-06-25 14:00:00,2.408908561773768,2
dr5ru7n,2014-06-25 15:00:00,1.9550778091399927,5
dr5ru7n,2014-06-25 16:00:00,5.096211436675005,4
dr5ru7n,2014-06-25 17:00:00,3.7202056572610847,2
dr5ru7n,2014-06-25 18:00:00,2.032843616548817,3
dr5ru7n,2014-06-25 19:00:00,7.138371110315057,6
dr5ru7n,2014-06-25 20:00:00,2.3055127862627747,5
dr5ru7n,2014-06-25 21:00:00,8.493232995192093,10
dr5ru7n,2014-06-25 22:00:00,4.509835341623449,6
dr5ru7n,2014-06-26 00:00:00,1.725445736843125,1
dr5ru7n,2014-06-26 08:00:00,1.3942954368009552,1
dr5ru7n,2014-06-26 09:00:00,1.2129004268412962,1
dr5ru7n,2014-06-26 10:00:00,3.3853813316691377,3
dr5ru7n,2014-06-26 11:00:00,1.426409996049331,2
dr5ru7n,2014-06-26 12:00:00,3.8706042893487806,3
dr5ru7n,2014-06-26 13:00:00,1.686505408966021,1
dr5ru7n,2014-06-26 14:00:00,1.8850446460049723,2
dr5ru7n,2014-06-26 15:00:00,3.4828577075601515,5
dr5ru7n,2014-06-26 16:00:00,6.071830880872771,6
dr5ru7n,2014-06-26 17:00:00,2.5770973961724017,3
dr5ru7n,2014-06-26 18:00:00,4.8815248597500025,5
dr5ru7n,2014-06-26 19:00:00,8.390942999922547,8
dr5ru7n,2014-06-26 20:00:00,5.40703117123657,7
dr5ru7n,2014-06-26 21:00:00,4.392545237520745,3
dr5ru7n,2014-06-26 22:00:00,12.28594847684339,12
dr5ru7n,2014-06-26 23:00:00,1.7265456398921573,1
dr5ru7n,2014-06-27 00:00:00,3.1914273660737105,3
dr5ru7n,2014-06-27 07:00:00,1.3016297912434747,1
dr5ru7n,2014-06-27 08:00:00,1.293010719038876,1
dr5ru7n,2014-06-27 10:00:00,1.3454812911492173,1
dr5ru7n,2014-06-27 11:00:00,3.5501791841145693,3
dr5ru7n,2014-06-27 12:00:00,4.596955985272733,5
dr5ru7n,2014-06-27 13:00:00,3.060024440568691,2
dr5ru7n,2014-06-27 14:00:00,7.079608931012157,6
dr5ru7n,2014-06-27 15:00:00,3.7124076466667004,5
dr5ru7n,2014-06-27 16:00:00,2.381542275613695,1
dr5ru7n,2014-06-27 17:00:00,2.9496586261785276,2
dr5ru7n,2014-06-27 18:00:00,1.7573614521687213,3
dr5ru7n,2014-06-27 19:00:00,1.2956788587479573,1
dr5ru7n,2014-06-27 20:00:00,2.1815885982019587,2
dr5ru7n,2014-06-27 21:00:00,1.7183662267363473,2
dr5ru7n,2014-06-27 22:00:00,3.7383310430586807,4
dr5ru7n,2014-06-28 13:00:00,1.4472067564230682,1
dr5ru7n,2014-06-28 16:00:00,1.5404162244858501,1
dr5ru7n,2014-06-28 18:00:00,1.360764287930697,1
dr5ru7n,2014-06-28 20:00:00,1.4432889372007953,1
dr5ru7n,2014-06-28 23:00:00,3.611268678122728,3
dr5ru7n,2014-06-29 00:00:00,2.7806262010126503,2
dr5ru7n,2014-06-29 01:00:00,1.2281911134977188,1
dr5ru7n,2014-06-29 02:00:00,1.234909830953121,2
dr5ru7n,2014-06-29 03:00:00,1.1931519280214606,2
dr5ru7n,2014-06-29 09:00:00,1.2939705216222752,1
dr5ru7n,2014-06-29 16:00:00,1.4171720742780154,1
dr5ru7n,2014-06-29 19:00:00,1.270690173530753,1
dr5ru7n,2014-06-29 20:00:00,2.357900652035758,2
dr5ru7n,2014-06-29 22:00:00,1.2197867381502763,1
dr5ru7n,2014-06-29 23:00:00,2.2293809445164996,2
dr5ru7n,2014-06-30 09:00:00,1.2097129840063567,1
dr5ru7n,2014-06-30 10:00:00,1.2672956753913067,2
dr5ru7n,2014-06-30 12:00:00,1.321968053811808,1
dr5ru7n,2014-06-30 13:00:00,1.390123152024489,1
dr5ru7n,2014-06-30 15:00:00,1.76989660281787,2
dr5ru7n,2014-06-30 16:00:00,1.7577154247573497,3
dr5ru7n,2014-06-30 17:00:00,1.8890430281725725,1
dr5ru7n,2014-06-30 18:00:00,1.6400557302288412,1
dr5ru7n,2014-06-30 19:00:00,2.6251384772418365,2
dr5ru7n,2014-06-30 20:00:00,2.4829574974715523,4
dr5ru7n,2014-06-30 21:00:00,1.741663530012902,2
dr5ru7n,2014-06-30 22:00:00,1.2877080882753595,1
dr5ru7n,2014-06-30 23:00:00,1.2696613471612062,1
dr5rue0,2014-06-24 09:00:00,1.1771751255790075,1
dr5rue0,2014-06-24 10:00:00,1.1779207989189426,1
dr5rue0,2014-06-24 11:00:00,1.252565830555231,1
dr5rue0,2014-06-24 12:00:00,1.2759806413204926,2
dr5rue0,2014-06-24 13:00:00,1.5506221005244873,2
dr5rue0,2014-06-24 14:00:00,1.471193829698915,1
dr5rue0,2014-06-24 15:00:00,2.710696918920447,3
dr5rue0,2014-06-24 17:00:00,1.6038559910430619,2
dr5rue0,2014-06-24 18:00:00,1.7489577575995146,2
dr5rue0,2014-06-24 19:00:00,1.7173237741595233,1
dr5rue0,2014-06-24 20:00:00,1.4755195334993743,1
dr5rue0,2014-06-24 23:00:00,1.1419313728410336,1
dr5rue0,2014-06-25 08:00:00,1.3022731353617505,1
dr5rue0,2014-06-25 11:00:00,4.640459378401181,4
dr5rue0,2014-06-25 13:00:00,1.3570955451213007,1
dr5rue0,2014-06-25 14:00:00,1.5922333003440488,1
dr5rue0,2014-06-25 16:00:00,1.714223963883188,2
dr5rue0,2014-06-25 17:00:00,1.7886692217232045,2
dr5rue0,2014-06-25 18:00:00,5.987934723228472,6
dr5rue0,2014-06-25 19:00:00,3.834155290939691,5
dr5rue0,2014-06-25 20:00:00,9.055393328016846,10
dr5rue0,2014-06-25 21:00:00,2.885450013024927,2
dr5rue0,2014-06-26 07:00:00,1.2548599069047495,1
dr5rue0,2014-06-26 08:00:00,1.2691875112708302,1
dr5rue0,2014-06-26 10:00:00,1.2359034262018662,1
dr5rue0,2014-06-26 13:00:00,1.5103180608625415,1
dr5rue0,2014-06-26 14:00:00,1.6582714931207485,1
dr5rue0,2014-06-26 15:00:00,1.827461036520653,1
dr5rue0,2014-06-26 16:00:00,1.8830998042833342,2
dr5rue0,2014-06-26 17:00:00,1.867360515452779,1
dr5rue0,2014-06-26 18:00:00,3.3616486273924986,4
dr5rue0,2014-06-26 19:00:00,2.0251227094348065,1
dr5rue0,2014-06-26 20:00:00,4.997267681572114,5
dr5rue0,2014-06-26 21:00:00,1.9402071579131583,1
dr5rue0,2014-06-26 22:00:00,1.763856343725136,1
dr5rue0,2014-06-27 08:00:00,1.3242140919718515,1
dr5rue0,2014-06-27 10:00:00,1.2963907386274396,1
dr5rue0,2014-06-27 12:00:00,1.378552866216485,2
dr5rue0,2014-06-27 14:00:00,1.5302441960690343,1
dr5rue0,2014-06-27 16:00:00,2.9655567092206816,4
dr5rue0,2014-06-27 17:00:00,4.351365627945435,3
dr5rue0,2014-06-27 18:00:00,3.0719182449938387,3
dr5rue0,2014-06-27 19:00:00,1.444100074347023,1
dr5rue0,2014-06-27 22:00:00,1.5955924420616108,1
dr5rue0,2014-06-28 01:00:00,1.203359616707626,1
dr5rue0,2014-06-29 07:00:00,1.0870202694588653,1
dr5rue0,2014-06-29 08:00:00,1.1245446725653818,1
dr5rue0,2014-06-29 10:00:00,1.1710633447767256,1
dr5rue0,2014-06-29 15:00:00,1.3440258442984958,1
dr5rue0,2014-06-29 16:00:00,1.3461677629334352,1
dr5rue0,2014-06-30 12:00:00,1.2473898381053958,1
dr5rue0,2014-06-30 13:00:00,1.2149576601806684,1
dr5rue0,2014-06-30 14:00:00,1.4255414252746106,1
dr5rue0,2014-06-30 16:00:00,1.5628882114167668,3
dr5rue0,2014-06-30 17:00:00,4.096391817549054,4
dr5rue0,2014-06-30 18:00:00,1.330022936885794,1
dr5rue0,2014-06-30 19:00:00,1.3378674581747392,2
dr5rue0,2014-06-30 20:00:00,1.3331879562751154,1
dr5rue0,2014-06-30 21:00:00,1.3660551861747032,1
dr5rue0,2014-06-30 23:00:00,1.1501869546979167,1
dr5ruek,2014-06-24 03:00:00,1.311837856434143,1
dr5ruek,2014-06-24 08:00:00,1.557120588935437,2
dr5ruek,2014-06-24 09:00:00,1.4950021457813483,1
dr5ruek,2014-06-24 10:00:00,2.2572936950784714,2
dr5ruek,2014-06-24 11:00:00,4.685921880085134,4
dr5ruek,2014-06-24 12:00:00,3.3892600043559677,4
dr5ruek,2014-06-24 13:00:00,3.366995772845411,3
dr5ruek,2014-06-24 14:00:00,2.1247668616026445,3
dr5ruek,2014-06-24 15:00:00,4.634877896630355,7
dr5ruek,2014-06-24 16:00:00,6.0642551357623615,6
dr5ruek,2014-06-24 17:00:00,6.283499691412492,7
dr5ruek,2014-06-24 18:00:00,4.997030451374349,6
dr5ruek,2014-06-24 19:00:00,3.764217225471653,4
dr5ruek,2014-06-24 20:00:00,6.3128140592375255,6
dr5ruek,2014-06-24 21:00:00,6.694290647961976,5
dr5ruek,2014-06-24 22:00:00,2.873230634812581,5
dr5ruek,2014-06-24 23:00:00,1.7424847421202447,1
dr5ruek,2014-06-25 03:00:00,1.1686111478638093,1
dr5ruek,2014-06-25 04:00:00,1.327173403914731,2
dr5ruek,2014-06-25 07:00:00,1.5079229297779555,1
dr5ruek,2014-06-25 08:00:00,1.6794095668730147,1
dr5ruek,2014-06-25 09:00:00,1.504603695111429,2
dr5ruek,2014-06-25 10:00:00,2.9668823139345086,2
dr5ruek,2014-06-25 11:00:00,1.6376895775337386,1
dr5ruek,2014-06-25 13:00:00,3.9070408467639615,3
dr5ruek,2014-06-25 14:00:00,5.645856748036885,7
dr5ruek,2014-06-25 15:00:00,5.97653472017838,9
dr5ruek,2014-06-25 16:00:00,9.287246501251378,6
dr5ruek,2014-06-25 17:00:00,7.709890733966711,7
dr5ruek,2014-06-25 18:00:00,16.058878113747806,21
dr5ruek,2014-06-25 19:00:00,7.783473421902231,11
dr5ruek,2014-06-25 20:00:00,6.864222781988586,8
dr5ruek,2014-06-25 21:00:00,6.196373038573412,3
dr5ruek,2014-06-25 22:00:00,1.8269404977528538,2
dr5ruek,2014-06-25 23:00:00,4.11875746848795,3
dr5ruek,2014-06-26 02:00:00,1.377265927363566,1
dr5ruek,2014-06-26 04:00:00,1.0743865289740997,1
dr5ruek,2014-06-26 08:00:00,1.5429471527058745,1
dr5ruek,2014-06-26 09:00:00,1.854846458841649,1
dr5ruek,2014-06-26 10:00:00,2.5276940396843823,2
dr5ruek,2014-06-26 11:00:00,1.5447394149580507,2
dr5ruek,2014-06-26 12:00:00,1.324433052660682,2
dr5ruek,2014-06-26 13:00:00,1.5760884901834682,1
dr5ruek,2014-06-26 14:00:00,2.3017342480049487,3
dr5ruek,2014-06-26 15:00:00,7.6841982681033745,11
dr5ruek,2014-06-26 16:00:00,11.275863262627434,13
dr5ruek,2014-06-26 17:00:00,9.127577361061746,7
dr5ruek,2014-06-26 18:00:00,9.725214984491917,10
dr5ruek,2014-06-26 19:00:00,11.20377554857397,10
dr5ruek,2014-06-26 20:00:00,5.782163131404039,11
dr5ruek,2014-06-26 21:00:00,6.702485585185803,6
dr5ruek,2014-06-26 22:00:00,5.837568463112949,3
dr5ruek,2014-06-26 23:00:00,1.8848614506880121,1
dr5ruek,2014-06-27 03:00:00,1.3440694128033595,1
dr5ruek,2014-06-27 06:00:00,1.329896661185505,2
dr5ruek,2014-06-27 10:00:00,3.9064147615795375,3
dr5ruek,2014-06-27 11:00:00,1.5871008067111876,1
dr5ruek,2014-06-27 13:00:00,1.7868193732630275,1
dr5ruek,2014-06-27 14:00:00,5.594411729574013,7
dr5ruek,2014-06-27 15:00:00,7.895823302421878,8
dr5ruek,2014-06-27 16:00:00,4.3341014376833185,1
dr5ruek,2014-06-27 17:00:00,6.586056314614125,9
dr5ruek,2014-06-27 18:00:00,6.192967373080242,7
dr5ruek,2014-06-27 21:00:00,3.916684540059996,1
dr5ruek,2014-06-27 22:00:00,1.9858165805262316,1
dr5ruek,2014-06-28 14:00:00,1.8314967753696845,1
dr5ruek,2014-06-28 16:00:00,1.6830437958766056,1
dr5ruek,2014-06-28 20:00:00,1.7823517753683404,2
dr5ruek,2014-06-28 21:00:00,2.023752912004831,1
dr5ruek,2014-06-28 23:00:00,1.6301271058510214,1
dr5ruek,2014-06-29 12:00:00,1.2673414948021573,1
dr5ruek,2014-06-29 15:00:00,1.7098618176185203,2
dr5ruek,2014-06-29 16:00:00,1.6834368060462892,1
dr5ruek,2014-06-29 17:00:00,1.6443040399903843,1
dr5ruek,2014-06-29 18:00:00,1.3633743297867653,1
dr5ruek,2014-06-30 00:00:00,1.0460434597687247,1
dr5ruek,2014-06-30 08:00:00,1.2554477736350396,1
dr5ruek,2014-06-30 10:00:00,2.443424377540784,2
dr5ruek,2014-06-30 13:00:00,1.5084622553636424,1
dr5ruek,2014-06-30 14:00:00,1.6026238830058173,1
dr5ruek,2014-06-30 15:00:00,7.969980783981599,7
dr5ruek,2014-06-30 16:00:00,3.8716851518076845,4
dr5ruek,2014-06-30 17:00:00,3.8792277827520794,3
dr5ruek,2014-06-30 18:00:00,5.859188278917003,7
dr5ruek,2014-06-30 19:00:00,4.277488399653969,5
dr5ruek,2014-06-30 20:00:00,8.78993699735505,7
dr5ruek,2014-06-30 21:00:00,2.2382651771434956,1
dr5ruek,2014-06-30 22:00:00,2.702351411685167,2
dr5ruem,2014-06-24 04:00:00,1.5281671127453564,1
dr5ruem,2014-06-24 07:00:00,3.0995742609938177,4
dr5ruem,2014-06-24 08:00:00,1.7039960350635015,1
dr5ruem,2014-06-24 10:00:00,2.424916198597027,2
dr5ruem,2014-06-24 11:00:00,4.346339770397789,4
dr5ruem,2014-06-24 13:00:00,3.016571202920464,4
dr5ruem,2014-06-24 14:00:00,2.0800031334157225,2
dr5ruem,2014-06-24 15:00:00,2.455818694668042,1
dr5ruem,2014-06-24 16:00:00,7.832086607616386,8
dr5ruem,2014-06-24 17:00:00,5.246942423778836,5
dr5ruem,2014-06-24 18:00:00,3.3641259928043987,1
dr5ruem,2014-06-24 19:00:00,2.067321931521777,4
dr5ruem,2014-06-24 20:00:00,6.2663544003871605,4
dr5ruem,2014-06-24 21:00:00,1.9664804484943157,1
dr5ruem,2014-06-25 01:00:00,1.2471504739411232,1
dr5ruem,2014-06-25 03:00:00,1.237908798725678,1
dr5ruem,2014-06-25 05:00:00,1.2004570620598263,1
dr5ruem,2014-06-25 06:00:00,1.4086172146556273,1
dr5ruem,2014-06-25 07:00:00,1.398660966613911,1
dr5ruem,2014-06-25 08:00:00,1.3990051583404268,1
dr5ruem,2014-06-25 10:00:00,2.34286906148775,2
dr5ruem,2014-06-25 11:00:00,1.431226992807061,2
dr5ruem,2014-06-25 12:00:00,2.6300127301724263,2
dr5ruem,2014-06-25 13:00:00,1.6528759610887478,1
dr5ruem,2014-06-25 14:00:00,1.946592806569482,1
dr5ruem,2014-06-25 15:00:00,6.910536605519802,5
dr5ruem,2014-06-25 16:00:00,6.434806652956931,9
dr5ruem,2014-06-25 17:00:00,7.816443114602935,9
dr5ruem,2014-06-25 18:00:00,4.57294731456061,6
dr5ruem,2014-06-25 19:00:00,6.470763736739719,6
dr5ruem,2014-06-25 20:00:00,4.846116026097998,4
dr5ruem,2014-06-25 21:00:00,2.2724238607927507,2
dr5ruem,2014-06-26 03:00:00,1.3251985837971998,1
dr5ruem,2014-06-26 09:00:00,1.4512091532306213,1
dr5ruem,2014-06-26 10:00:00,4.259959032367911,4
dr5ruem,2014-06-26 12:00:00,1.6811614815406923,1
dr5ruem,2014-06-26 13:00:00,3.656432683066537,5
dr5ruem,2014-06-26 14:00:00,3.522195775395031,4
dr5ruem,2014-06-26 15:00:00,6.13618500350856,5
dr5ruem,2014-06-26 16:00:00,6.903001555712525,9
dr5ruem,2014-06-26 17:00:00,11.62263191504524,13
dr5ruem,2014-06-26 18:00:00,8.421566099565569,10
dr5ruem,2014-06-26 19:00:00,10.098504224325858,8
dr5ruem,2014-06-26 20:00:00,9.875606910983606,11
dr5ruem,2014-06-26 21:00:00,4.0100713830465065,3
dr5ruem,2014-06-26 22:00:00,3.427458323024623,3
dr5ruem,2014-06-27 00:00:00,1.120806378513832,1
dr5ruem,2014-06-27 06:00:00,1.365822461188838,2
dr5ruem,2014-06-27 08:00:00,1.3317475534933765,1
dr5ruem,2014-06-27 09:00:00,2.7222144056248103,3
dr5ruem,2014-06-27 11:00:00,3.828906500769383,3
dr5ruem,2014-06-27 13:00:00,3.1089976825440764,2
dr5ruem,2014-06-27 14:00:00,6.945724863065788,6
dr5ruem,2014-06-27 15:00:00,2.9510989695469427,5
dr5ruem,2014-06-27 16:00:00,9.873574216980535,9
dr5ruem,2014-06-27 17:00:00,5.462129873558085,5
dr5ruem,2014-06-27 18:00:00,4.3316209266726995,2
dr5ruem,2014-06-27 19:00:00,1.8020869937427368,2
dr5ruem,2014-06-27 21:00:00,1.86673131501731,2
dr5ruem,2014-06-27 23:00:00,1.7955076595852608,1
dr5ruem,2014-06-28 05:00:00,1.2774878872537916,2
dr5ruem,2014-06-28 11:00:00,1.3190893775543855,1
dr5ruem,2014-06-28 12:00:00,1.4119441239764778,1
dr5ruem,2014-06-28 13:00:00,1.4668586215375317,1
dr5ruem,2014-06-28 15:00:00,1.6120546538167906,1
dr5ruem,2014-06-28 18:00:00,1.4870803742839571,1
dr5ruem,2014-06-28 22:00:00,1.5618476775522334,1
dr5ruem,2014-06-29 01:00:00,1.1856907949165574,1
dr5ruem,2014-06-29 04:00:00,1.0887459610501704,1
dr5ruem,2014-06-29 08:00:00,1.2010274944855996,1
dr5ruem,2014-06-29 09:00:00,1.2798609329775898,1
dr5ruem,2014-06-29 11:00:00,1.2447238325231889,2
dr5ruem,2014-06-29 12:00:00,1.2526605236370132,1
dr5ruem,2014-06-29 13:00:00,1.46638054545075,2
dr5ruem,2014-06-29 14:00:00,1.681986465314588,1
dr5ruem,2014-06-29 15:00:00,1.5874663973402885,1
dr5ruem,2014-06-29 17:00:00,4.790647620284906,4
dr5ruem,2014-06-29 18:00:00,1.5956324849930015,1
dr5ruem,2014-06-29 19:00:00,1.4857682529883538,1
dr5ruem,2014-06-29 20:00:00,1.4704043277067533,1
dr5ruem,2014-06-29 21:00:00,1.41825934588112,1
dr5ruem,2014-06-29 22:00:00,1.3467069325400305,1
dr5ruem,2014-06-30 09:00:00,1.3693628166009553,1
dr5ruem,2014-06-30 10:00:00,1.3996177246195767,1
dr5ruem,2014-06-30 11:00:00,1.4417073263062097,1
dr5ruem,2014-06-30 14:00:00,1.6861362072282418,1
dr5ruem,2014-06-30 15:00:00,2.744999285029145,3
dr5ruem,2014-06-30 16:00:00,6.325339951652417,9
dr5ruem,2014-06-30 17:00:00,5.457188657595531,4
dr5ruem,2014-06-30 18:00:00,2.4416868881074185,1
dr5ruem,2014-06-30 19:00:00,3.1719187428347704,5
dr5ruem,2014-06-30 20:00:00,2.511519348076474,6
dr5ruem,2014-06-30 21:00:00,3.1488127557231325,1
dr5ruqr,2014-06-24 09:00:00,1.1127855621899407,1
dr5ruqr,2014-06-24 18:00:00,1.5725783277687508,1
dr5ruqr,2014-06-24 20:00:00,3.583858393677414,3
dr5ruqr,2014-06-24 21:00:00,2.6589156109634904,2
dr5ruqr,2014-06-25 06:00:00,1.3548178664091324,1
dr5ruqr,2014-06-25 15:00:00,1.7771138081596027,3
dr5ruqr,2014-06-25 16:00:00,1.8511792285879014,1
dr5ruqr,2014-06-25 17:00:00,1.756741220697929,1
dr5ruqr,2014-06-25 18:00:00,1.7040885813517483,1
dr5ruqr,2014-06-25 19:00:00,1.7134504597901568,1
dr5ruqr,2014-06-25 20:00:00,3.8470525418014145,3
dr5ruqr,2014-06-25 21:00:00,4.796997881680667,5
dr5ruqr,2014-06-25 22:00:00,1.6631259561190403,3
dr5ruqr,2014-06-26 08:00:00,1.5557767761699706,1
dr5ruqr,2014-06-26 11:00:00,1.2729743872706598,1
dr5ruqr,2014-06-26 12:00:00,1.3428899316011507,1
dr5ruqr,2014-06-26 13:00:00,1.5293673946597044,1
dr5ruqr,2014-06-26 15:00:00,1.840601370901842,1
dr5ruqr,2014-06-26 16:00:00,1.8899260986342699,1
dr5ruqr,2014-06-26 19:00:00,1.7571537102387562,2
dr5ruqr,2014-06-26 20:00:00,5.2676651705490265,5
dr5ruqr,2014-06-26 21:00:00,3.860938601550404,4
dr5ruqr,2014-06-26 22:00:00,1.7116930032724287,1
dr5ruqr,2014-06-27 01:00:00,2.0098540502215982,3
dr5ruqr,2014-06-27 05:00:00,1.1785676043252717,1
dr5ruqr,2014-06-27 06:00:00,1.268778866620193,1
dr5ruqr,2014-06-27 10:00:00,1.7741032608496392,2
dr5ruqr,2014-06-27 12:00:00,1.6717202066495844,2
dr5ruqr,2014-06-27 18:00:00,1.6443710610560314,1
dr5ruqr,2014-06-27 19:00:00,1.6132199439973904,2
dr5ruqr,2014-06-27 21:00:00,14.504341879744066,16
dr5ruqr,2014-06-27 22:00:00,2.929266042519797,1
dr5ruqr,2014-06-27 23:00:00,1.5606794242738575,2
dr5ruqr,2014-06-28 13:00:00,1.1052095981505052,1
dr5ruqr,2014-06-28 15:00:00,2.53186977764299,3
dr5ruqr,2014-06-28 18:00:00,2.7479719383529724,2
dr5ruqr,2014-06-28 20:00:00,2.462827786008624,3
dr5ruqr,2014-06-28 21:00:00,3.7654569328515315,6
dr5ruqr,2014-06-28 22:00:00,2.164200546028303,1
dr5ruqr,2014-06-28 23:00:00,1.4002314061347654,2
dr5ruqr,2014-06-29 13:00:00,1.131033284113199,1
dr5ruqr,2014-06-29 14:00:00,1.3094006105157276,1
dr5ruqr,2014-06-29 16:00:00,1.3562157991882726,1
dr5ruqr,2014-06-29 19:00:00,1.2753971531903276,1
dr5ruqr,2014-06-29 20:00:00,2.3521544314668095,2
dr5ruqr,2014-06-29 21:00:00,1.2702820758274675,1
dr5ruqr,2014-06-30 15:00:00,1.4574078648670208,1
dr5ruqr,2014-06-30 20:00:00,1.3434725896193283,2
dr5ruqr,2014-06-30 21:00:00,2.5718085767039254,2
dr5ruqr,2014-06-30 22:00:00,1.3586114258487096,1
